<?xml version="1.0"?>
<!--
/**
 * Mageplaza
 *
 * NOTICE OF LICENSE
 *
 * This source file is subject to the Mageplaza.com license that is
 * available through the world-wide-web at this URL:
 * https://www.mageplaza.com/LICENSE.txt
 *
 * DISCLAIMER
 *
 * Do not edit or add to this file if you wish to upgrade this extension to newer
 * version in the future.
 *
 * @category    Mageplaza
 * @package     Mageplaza_FrequentlyBought
 * @copyright   Copyright (c) Mageplaza (https://www.mageplaza.com/)
 * @license     https://www.mageplaza.com/LICENSE.txt
 */
-->
<config xmlns:xsi="http://www.w3.org/2001/XMLSchema-instance" xsi:noNamespaceSchemaLocation="urn:magento:module:Magento_Config:etc/system_file.xsd">
    <system>
        <section id="frequentlybought" translate="label" type="text" sortOrder="300" showInDefault="1" showInWebsite="1" showInStore="1">
            <label>Frequently Bought Together</label>
            <tab>mageplaza</tab>
            <resource>Mageplaza_FrequentlyBought::configuration</resource>
            <group id="general" translate="label" type="text" sortOrder="10" showInDefault="1" showInWebsite="1" showInStore="1">
                <label>General Configuration</label>
                <field id="enabled" translate="label comment" type="select" sortOrder="10" showInDefault="1" showInWebsite="1" showInStore="1">
                    <label>Enable Frequently Bought Together</label>
                    <source_model>Magento\Config\Model\Config\Source\Yesno</source_model>
                    <comment>Select Yes to enable this module.</comment>
                </field>
                <field id="block_name" translate="label comment" sortOrder="20" showInDefault="1" showInWebsite="1" showInStore="1">
                    <label>Block Name</label>
                    <comment>Enter the block’s name. E.g: Frequently bought together</comment>
                </field>
                <field id="item_limit" translate="label comment" sortOrder="30" showInDefault="1" showInWebsite="1" showInStore="1">
                    <label>Number of products</label>
                    <validate>validate-number validate-zero-or-greater</validate>
                    <comment>Enter the maximum number of products displayed in the block (Leave empty or 0 to display all suggested products).</comment>
                </field>
                <field id="enable_add_to_wishlist" translate="label comment" type="select" sortOrder="40" showInDefault="1" showInWebsite="1" showInStore="1">
                    <label>Enable Add to Wishlist Button</label>
                    <source_model>Magento\Config\Model\Config\Source\Yesno</source_model>
                    <comment>Select Yes to enable the Add to Wishlist button.</comment>
                </field>
                <field id="remove_related_block" translate="label comment" type="select" sortOrder="50" showInDefault="1" showInWebsite="1" showInStore="1">
                    <label>Remove Native Related Products Block</label>
                    <source_model>Magento\Config\Model\Config\Source\Yesno</source_model>
                    <comment>Select Yes to remove default related block.</comment>
                </field>
                <field id="separator_image" translate="label comment" type="image" sortOrder="60" showInDefault="1" showInWebsite="1" showInStore="1">
                    <label>Separator Image</label>
                    <backend_model>Magento\Config\Model\Config\Backend\Image</backend_model>
                    <upload_dir config="system/filesystem/media" scope_info="1">mageplaza/frequentlybought</upload_dir>
                    <base_url type="media" scope_info="1">mageplaza/frequentlybought</base_url>
                    <comment><![CDATA[Allowed file types: jpg, gif, png. Leave empty to use default separator.]]></comment>
                </field>
            </group>
        </section>
    </system>
</config>